ts,symbol,price,qty,side
1766625031283,BTCUSDT,87604.48,5e-05,sell
1766625039813,BTCUSDT,87738.41,0.00012,buy
1766625125380,BTCUSDT,87738.35,0.00179,buy
1766625125380,BTCUSDT,87738.38,0.01234,buy
1766625125380,BTCUSDT,87738.42,0.00862,buy
1766625131156,BTCUSDT,87738.41,0.00169,buy
1766625140446,BTCUSDT,87738.41,1e-05,buy
1766625140446,BTCUSDT,87738.43,0.00019,buy
1766625140446,BTCUSDT,87739.54,8e-05,buy
1766625170409,BTCUSDT,87739.53,0.00011,buy
1766625215301,BTCUSDT,87739.53,5e-05,buy
1766625230384,BTCUSDT,87739.53,0.00011,buy
1766625275364,BTCUSDT,87739.53,6e-05,buy
1766626215974,BTCUSDT,87857.48,0.00112,buy
1766626490371,BTCUSDT,87849.37,2e-05,buy
1766626498208,BTCUSDT,87625.88,0.00021,sell
1766626580598,BTCUSDT,87846.48,0.00011,buy
1766626715362,BTCUSDT,87841.99,0.00011,buy
1766626775312,BTCUSDT,87840.23,0.00057,buy
1766626880375,BTCUSDT,87836.91,0.00023,buy
1766627011812,BTCUSDT,87833.93,0.00034,buy
1766627615296,BTCUSDT,87832.06,0.0034,buy
1766628115185,BTCUSDT,87820.11,0.00014,buy
1766628201985,BTCUSDT,87609.21,6e-05,sell
1766628320469,BTCUSDT,87813.56,0.00057,buy
1766628335310,BTCUSDT,87813.09,0.00023,buy
1766628515315,BTCUSDT,87807.22,0.00011,buy
1766628575362,BTCUSDT,87805.18,0.00011,buy
1766628710468,BTCUSDT,87801.06,0.00057,buy
1766628860415,BTCUSDT,87800.86,0.00011,buy
1766628905370,BTCUSDT,87800.84,0.00011,buy
1766629051264,BTCUSDT,87621.73,0.00056,sell
1766629370404,BTCUSDT,87799.49,0.00114,buy
1766629580394,BTCUSDT,87798.5,0.0017,buy
1766629580394,BTCUSDT,87798.51,0.02264,buy
1766629580394,BTCUSDT,87798.69,0.01337,buy
1766629580394,BTCUSDT,87798.74,0.01531,buy
1766629580394,BTCUSDT,87799.65,0.01215,buy
1766629580394,BTCUSDT,87800.6,0.04,buy
1766629580394,BTCUSDT,87855.72,0.00679,buy
1766629805393,BTCUSDT,87852.9,0.00114,buy
1766630546198,BTCUSDT,87847.37,0.00093,buy
1766630702458,BTCUSDT,87954.77,0.00069,buy
1766631635354,BTCUSDT,88072.88,0.00017,buy
1766631677774,BTCUSDT,88071.68,2e-05,buy
1766631800400,BTCUSDT,88068.34,8e-05,buy
1766631890413,BTCUSDT,88066.15,0.00028,buy
1766631935344,BTCUSDT,88065.17,0.00011,buy
1766632025377,BTCUSDT,88063.01,0.00113,buy
1766632509782,BTCUSDT,88049.59,0.00201,buy
1766633203107,BTCUSDT,88030.4,0.00056,buy
1766633497486,BTCUSDT,88021.55,0.00034,buy
1766633570419,BTCUSDT,88019.46,0.00113,buy
1766634192268,BTCUSDT,88003.92,0.00014,buy
1766634416169,BTCUSDT,87998.36,0.00048,buy
1766634485305,BTCUSDT,87996.75,0.00034,buy
1766634497682,BTCUSDT,87996.44,0.00109,buy
1766634742246,BTCUSDT,87991.37,0.00048,buy
1766635370357,BTCUSDT,87979.65,0.00034,buy
1766635370416,BTCUSDT,87979.65,0.00017,buy
1766635400415,BTCUSDT,87979.01,0.00045,buy
1766635400415,BTCUSDT,87979.02,0.00012,buy
1766635400514,BTCUSDT,87979.02,0.00057,buy
1766635445402,BTCUSDT,87978.04,2e-05,buy
1766635490312,BTCUSDT,87977.0,2e-05,buy
1766635580649,BTCUSDT,87975.11,6e-05,buy
1766635655306,BTCUSDT,87973.84,0.00057,buy
1766635715285,BTCUSDT,87972.87,0.00057,buy
1766635948813,BTCUSDT,87968.19,6e-05,buy
1766636015274,BTCUSDT,87966.82,0.00011,buy
1766636037895,BTCUSDT,87966.29,0.00011,buy
1766636045370,BTCUSDT,87966.18,0.00113,buy
1766636090409,BTCUSDT,87965.28,2e-05,buy
1766636254674,BTCUSDT,87962.19,0.00021,buy
1766636667271,BTCUSDT,87953.05,0.0733,buy
1766636667271,BTCUSDT,87953.06,0.0017,buy
1766636667271,BTCUSDT,87953.08,0.03878,buy
1766636709504,BTCUSDT,87952.85,0.04346,buy
1766636709504,BTCUSDT,87952.86,0.07031,buy
1766636749590,BTCUSDT,87952.77,0.0467,buy
1766636749590,BTCUSDT,87952.78,0.06706,buy
1766636921000,BTCUSDT,87692.1,7e-05,sell
1766636930416,BTCUSDT,87957.07,0.00044,buy
1766636930416,BTCUSDT,87957.08,0.00042,buy
1766637015429,BTCUSDT,87694.65,0.00095,sell
1766637037884,BTCUSDT,87956.02,0.00011,buy
1766637199161,BTCUSDT,87952.97,2e-05,buy
1766637843139,BTCUSDT,87940.71,0.00252,buy
1766637843139,BTCUSDT,87940.72,0.00027,buy
1766637988566,BTCUSDT,87939.54,0.01069,buy
1766638160523,BTCUSDT,87938.09,0.00011,buy
1766638665073,BTCUSDT,87935.65,0.00027,buy
1766638835362,BTCUSDT,87934.42,6e-05,buy
1766638925384,BTCUSDT,87933.89,3e-05,buy
1766638925412,BTCUSDT,87933.89,0.00017,buy
1766639090351,BTCUSDT,87932.72,0.00113,buy
1766639098098,BTCUSDT,87676.31,0.0002,sell
1766639237949,BTCUSDT,87931.46,0.00107,buy
1766639361242,BTCUSDT,87930.49,0.00048,buy
1766639465291,BTCUSDT,87929.7,6e-05,buy
1766639555387,BTCUSDT,87929.0,0.00023,buy
1766639579871,BTCUSDT,87684.61,0.00102,sell
1766639984073,BTCUSDT,87685.88,0.00052,sell
1766640162699,BTCUSDT,87688.49,0.01578,sell
1766640162926,BTCUSDT,87688.49,2e-05,sell
1766640163154,BTCUSDT,87688.49,2e-05,sell
1766640163379,BTCUSDT,87688.49,2e-05,sell
1766640163606,BTCUSDT,87688.51,2e-05,sell
1766640163833,BTCUSDT,87688.51,2e-05,sell
1766640164066,BTCUSDT,87688.52,2e-05,sell
1766640164289,BTCUSDT,87688.53,0.03156,sell
1766640440383,BTCUSDT,87838.06,0.00114,buy
1766640788505,BTCUSDT,87835.57,4e-05,buy
1766641055318,BTCUSDT,87834.4,0.00568,buy
1766641224369,BTCUSDT,87706.41,3e-05,sell
1766641550382,BTCUSDT,87831.49,0.00024,buy
1766641685342,BTCUSDT,87830.86,0.02151,buy
1766641685342,BTCUSDT,87830.87,0.0017,buy
1766641685342,BTCUSDT,87831.01,0.00292,buy
1766642510399,BTCUSDT,87827.63,0.00341,buy
1766642825379,BTCUSDT,87706.38,0.00158,sell
1766643017746,BTCUSDT,87707.45,0.01073,sell
1766643017839,BTCUSDT,87707.44,0.05084,sell
1766643025510,BTCUSDT,87707.43,0.01079,sell
1766643025633,BTCUSDT,87696.2,0.01799,sell
1766643130163,BTCUSDT,87824.33,6e-05,buy
1766643137417,BTCUSDT,87696.48,0.01173,sell
1766643137642,BTCUSDT,87696.47,0.02348,sell
1766643200357,BTCUSDT,87823.75,3e-05,buy
1766643215299,BTCUSDT,87823.62,0.00011,buy
1766643698134,BTCUSDT,87819.89,0.00256,buy
1766643809574,BTCUSDT,87819.05,5e-05,buy
1766643859208,BTCUSDT,87697.02,0.00171,sell
1766643859208,BTCUSDT,87697.01,0.00112,sell
1766645678907,BTCUSDT,87948.39,0.00057,buy
1766645764515,BTCUSDT,87947.73,0.00332,buy
1766645795359,BTCUSDT,87947.51,0.00057,buy
1766645824274,BTCUSDT,87739.41,0.0017,sell
1766645824274,BTCUSDT,87739.4,0.00162,sell
1766646064823,BTCUSDT,87745.51,0.00029,sell
1766646065369,BTCUSDT,87945.75,0.00011,buy
1766646170420,BTCUSDT,87944.97,6e-05,buy
1766646611052,BTCUSDT,87756.66,0.00048,sell
1766646695319,BTCUSDT,87938.09,0.00011,buy
1766646755349,BTCUSDT,87937.8,0.00011,buy
1766647850521,BTCUSDT,87925.98,6e-05,buy
1766648244462,BTCUSDT,87919.31,0.00034,buy
1766648307103,BTCUSDT,87783.23,6e-05,sell
1766648307103,BTCUSDT,87783.18,1e-05,sell
1766649374290,BTCUSDT,87901.51,0.0017,buy
1766649374290,BTCUSDT,87901.55,0.00201,buy
1766649740387,BTCUSDT,87935.48,0.00023,buy
1766649808997,BTCUSDT,87764.71,0.00013,sell
1766649950472,BTCUSDT,87934.08,0.00023,buy
1766649965539,BTCUSDT,87933.98,6e-05,buy
1766650021945,BTCUSDT,87769.28,0.00023,sell
1766650085369,BTCUSDT,87937.55,6e-05,buy
1766650109215,BTCUSDT,87937.55,0.00022,buy
1766650537330,BTCUSDT,87779.08,6e-05,sell
1766650544232,BTCUSDT,87779.08,0.0044,sell
1766650544282,BTCUSDT,87687.04,0.0165,sell
1766650730438,BTCUSDT,87687.0,0.00114,sell
1766650959005,BTCUSDT,87634.45,0.00113,sell
1766650960741,BTCUSDT,87634.45,1e-05,sell
1766650967847,BTCUSDT,87545.19,0.00232,sell
1766650968022,BTCUSDT,87545.19,2e-05,sell
1766650968040,BTCUSDT,87545.18,0.00013,sell
1766651028892,BTCUSDT,87444.31,0.00065,sell
1766651436157,BTCUSDT,87628.0,0.00083,sell
1766651735319,BTCUSDT,87623.28,2e-05,buy
1766652882918,BTCUSDT,87619.32,0.00171,buy
1766652882918,BTCUSDT,87619.33,0.0017,buy
1766653355407,BTCUSDT,87707.55,0.00023,buy
1766653547605,BTCUSDT,87478.72,0.00034,sell
1766654749042,BTCUSDT,87463.08,0.00112,sell
1766656139868,BTCUSDT,87461.78,4e-05,sell
1766657069941,BTCUSDT,87642.37,0.00069,buy
1766657093804,BTCUSDT,87417.94,0.0002,sell
1766657098953,BTCUSDT,87418.05,0.00068,sell
1766657150363,BTCUSDT,87640.43,0.00057,buy
1766657240817,BTCUSDT,87638.25,6e-05,buy
1766657414217,BTCUSDT,87634.65,0.00011,buy
1766657427719,BTCUSDT,87634.46,0.00011,buy
1766657450485,BTCUSDT,87634.02,0.00114,buy
1766657521688,BTCUSDT,87632.62,0.00313,buy
1766658935788,BTCUSDT,87416.88,0.00038,sell
1766658937391,BTCUSDT,87398.87,0.00013,sell
1766658937595,BTCUSDT,87398.87,2e-05,sell
1766658937816,BTCUSDT,87370.0,0.0001,sell
1766658942750,BTCUSDT,87346.14,0.00033,sell
1766659173810,BTCUSDT,87304.49,0.00115,sell
1766659173810,BTCUSDT,87304.37,0.00165,sell
1766659565342,BTCUSDT,87500.39,2e-05,buy
1766659605602,BTCUSDT,87279.26,0.0003,sell
1766659730514,BTCUSDT,87498.36,0.00033,buy
1766660288641,BTCUSDT,87297.5,8e-05,sell
1766660450482,BTCUSDT,87493.88,0.00057,buy
1766660885413,BTCUSDT,87628.88,6e-05,buy
1766660889436,BTCUSDT,87324.62,0.00022,sell
1766661077304,BTCUSDT,87335.1,0.00115,sell
1766661290389,BTCUSDT,87621.04,8e-05,buy
1766661652268,BTCUSDT,87353.11,3e-05,sell
1766662115340,BTCUSDT,87612.9,0.00057,buy
1766662160482,BTCUSDT,87612.63,0.00057,buy
1766662205911,BTCUSDT,87612.26,0.00171,buy
1766662205911,BTCUSDT,87612.27,0.00162,buy
1766663314647,BTCUSDT,87413.69,2e-05,sell
1766663825368,BTCUSDT,87604.08,0.00017,buy
1766663825368,BTCUSDT,87604.09,5e-05,buy
1766664080506,BTCUSDT,87602.54,2e-05,buy
1766664140438,BTCUSDT,87602.26,0.00028,buy
1766664275307,BTCUSDT,87601.55,0.00011,buy
1766664350445,BTCUSDT,87601.53,0.00028,buy
1766664605345,BTCUSDT,87601.07,6e-05,buy
1766664605377,BTCUSDT,87601.07,6e-05,buy
1766664680773,BTCUSDT,87600.41,0.0004,buy
1766664785395,BTCUSDT,87599.52,6e-05,buy
1766664845418,BTCUSDT,87598.94,0.00028,buy
1766664882813,BTCUSDT,87598.53,5e-05,buy
1766665029007,BTCUSDT,87453.84,2e-05,sell
1766665210295,BTCUSDT,87595.43,0.0001,buy
1766665748413,BTCUSDT,87730.21,0.00022,buy
1766666549289,BTCUSDT,87710.04,3e-05,buy
1766667342801,BTCUSDT,87476.36,6e-05,sell
1766667342801,BTCUSDT,87476.35,0.00016,sell
1766667757777,BTCUSDT,87682.23,5e-05,buy
1766667830392,BTCUSDT,87680.9,3e-05,buy
1766667830446,BTCUSDT,87680.9,0.00011,buy
1766667991049,BTCUSDT,87482.3,0.00171,sell
1766667991057,BTCUSDT,87482.29,0.06723,sell
1766667991110,BTCUSDT,87482.29,0.02746,sell
1766668025394,BTCUSDT,87618.5,0.00085,buy
1766668099400,BTCUSDT,87618.06,0.00011,buy
1766668206311,BTCUSDT,87617.32,2e-05,buy
1766668250473,BTCUSDT,87617.31,0.00114,buy
1766668400440,BTCUSDT,87616.23,0.00011,buy
1766668462649,BTCUSDT,87615.51,0.00273,buy
1766669255357,BTCUSDT,87575.37,0.00028,buy
1766669693020,BTCUSDT,87568.3,0.00114,buy
1766670123302,BTCUSDT,87561.77,0.00171,buy
1766670123302,BTCUSDT,87561.79,0.00176,buy
1766670205467,BTCUSDT,87561.48,0.00354,buy
1766670205581,BTCUSDT,87561.48,0.00367,buy
1766670205657,BTCUSDT,87561.48,0.00338,buy
1766670205657,BTCUSDT,87561.49,0.00012,buy
1766670205690,BTCUSDT,87561.49,0.00283,buy
1766670206115,BTCUSDT,87561.49,0.00436,buy
1766670206124,BTCUSDT,87561.49,0.00239,buy
1766670207439,BTCUSDT,87561.49,0.00421,buy
1766670207449,BTCUSDT,87561.49,0.00067,buy
1766670548649,BTCUSDT,87384.91,0.00457,sell
1766670591819,BTCUSDT,87385.98,0.00457,sell
1766670608469,BTCUSDT,87386.71,0.00458,sell
1766670707957,BTCUSDT,87391.23,0.00458,sell
1766670720672,BTCUSDT,87391.97,0.00458,sell
1766670735444,BTCUSDT,87392.69,0.00458,sell
1766670755381,BTCUSDT,87689.76,6e-05,buy
1766670800114,BTCUSDT,87395.67,0.00458,sell
1766670815889,BTCUSDT,87396.45,0.00458,sell
1766670918583,BTCUSDT,87401.04,0.00034,sell
1766671235377,BTCUSDT,87685.58,3e-05,buy
1766671416397,BTCUSDT,87422.72,3e-05,sell
1766671459199,BTCUSDT,87683.02,0.00034,buy
1766671494888,BTCUSDT,87682.62,2e-05,buy
1766671550350,BTCUSDT,87682.06,0.00035,buy
1766671670411,BTCUSDT,87680.94,0.00017,buy
1766671820468,BTCUSDT,87679.9,0.00057,buy
1766671895347,BTCUSDT,87679.41,6e-05,buy
1766671910473,BTCUSDT,87679.41,0.00017,buy
1766671924565,BTCUSDT,87722.69,0.00015,buy
1766671924565,BTCUSDT,87783.91,0.00019,buy
1766671955349,BTCUSDT,87783.64,0.00085,buy
1766671955407,BTCUSDT,87783.64,0.00096,buy
1766671955407,BTCUSDT,87783.65,0.00075,buy
1766672000770,BTCUSDT,87783.11,0.00012,buy
1766672030412,BTCUSDT,87699.89,6e-05,buy
1766672045623,BTCUSDT,87699.81,0.00114,buy
1766672075348,BTCUSDT,87699.66,0.00071,buy
1766672075348,BTCUSDT,87699.67,0.00712,buy
1766672075348,BTCUSDT,87700.0,0.00066,buy
1766672075348,BTCUSDT,87713.92,8e-05,buy
1766672075348,BTCUSDT,87783.91,0.01988,buy
1766672092567,BTCUSDT,87783.63,0.00016,buy
1766672375313,BTCUSDT,87779.41,0.00028,buy
1766672473337,BTCUSDT,87776.94,0.00052,buy
1766673048968,BTCUSDT,87497.41,0.00019,sell
1766673110739,BTCUSDT,87756.27,0.0011,buy
1766673470361,BTCUSDT,87752.1,6e-05,buy
1766674168463,BTCUSDT,87736.09,0.00317,buy
1766674895383,BTCUSDT,87750.77,0.00057,buy
1766674925315,BTCUSDT,87750.63,0.00057,buy
1766674940414,BTCUSDT,87750.6,0.00017,buy
1766674940446,BTCUSDT,87750.6,0.00023,buy
1766674984302,BTCUSDT,87578.59,0.00029,sell
1766675000385,BTCUSDT,87783.99,0.00098,buy
1766675000385,BTCUSDT,87784.0,0.00015,buy
1766675000385,BTCUSDT,87820.64,5e-05,buy
1766675000385,BTCUSDT,87876.87,0.02157,buy
1766675281405,BTCUSDT,87871.65,0.00114,buy
1766675439910,BTCUSDT,87869.88,0.00011,buy
1766675450418,BTCUSDT,87869.66,0.00057,buy
1766675495321,BTCUSDT,87868.73,0.00011,buy
1766675525586,BTCUSDT,87868.16,0.00057,buy
1766676158571,BTCUSDT,87861.99,0.00105,buy
1766676356991,BTCUSDT,87877.4,0.01027,buy
1766676356991,BTCUSDT,87878.09,0.00986,buy
1766676356991,BTCUSDT,87878.1,0.00025,buy
1766676357723,BTCUSDT,87931.67,0.0027,buy
1766676357723,BTCUSDT,87931.69,0.0073,buy
1766676358883,BTCUSDT,87931.94,0.00065,buy
1766676361403,BTCUSDT,87952.87,0.00351,buy
1766676361403,BTCUSDT,87952.88,0.00038,buy
1766676370757,BTCUSDT,87991.37,0.00206,buy
1766676406500,BTCUSDT,88072.61,0.00029,buy
1766676406500,BTCUSDT,88072.62,0.00019,buy
1766676406500,BTCUSDT,88072.74,0.00952,buy
1766676406688,BTCUSDT,88072.74,0.00774,buy
1766676406688,BTCUSDT,88072.79,0.00013,buy
1766676680476,BTCUSDT,88219.89,0.00045,buy
1766676786687,BTCUSDT,88217.61,3e-05,buy
1766676786687,BTCUSDT,88217.62,0.0017,buy
1766676786687,BTCUSDT,88220.28,0.01455,buy
1766676786687,BTCUSDT,88220.29,0.00441,buy
1766676786687,BTCUSDT,88222.75,0.01249,buy
1766676787595,BTCUSDT,88222.73,0.0017,buy
1766676796865,BTCUSDT,88222.72,0.0017,buy
1766676796865,BTCUSDT,88222.73,1e-05,buy
1766676921641,BTCUSDT,88176.88,0.00132,buy
1766677042714,BTCUSDT,88154.18,0.00023,buy
1766677055313,BTCUSDT,88153.97,0.00113,buy
1766677225583,BTCUSDT,88152.22,2e-05,buy
1766677225583,BTCUSDT,88152.23,5e-05,buy
1766677239097,BTCUSDT,88222.69,7e-05,buy
1766677262646,BTCUSDT,88222.53,0.00013,buy
1766677424252,BTCUSDT,88222.53,0.00125,buy
1766677424252,BTCUSDT,88222.86,0.00026,buy
1766677426015,BTCUSDT,88250.0,0.0002,buy
1766677427234,BTCUSDT,88286.25,0.00097,buy
1766677427234,BTCUSDT,88286.26,0.00031,buy
1766677427389,BTCUSDT,88312.39,7e-05,buy
1766677427389,BTCUSDT,88322.0,0.00234,buy
1766677427389,BTCUSDT,88322.0,0.00766,buy
1766677427465,BTCUSDT,88323.46,1e-05,buy
1766677427524,BTCUSDT,88333.0,2e-05,buy
1766677427750,BTCUSDT,88350.0,0.00036,buy
1766677427799,BTCUSDT,88332.99,0.02612,buy
1766677446228,BTCUSDT,88422.29,0.00065,buy
1766677454543,BTCUSDT,88449.13,0.00131,buy
1766677454543,BTCUSDT,88449.14,0.00011,buy
1766677454547,BTCUSDT,88455.17,3e-05,buy
1766677457881,BTCUSDT,88470.44,0.00036,buy
1766677458335,BTCUSDT,88470.43,0.00036,buy
1766677458335,BTCUSDT,88470.45,9e-05,buy
1766677483881,BTCUSDT,88492.17,0.00038,buy
1766677490071,BTCUSDT,88548.25,0.00697,buy
1766677490071,BTCUSDT,88548.26,0.00088,buy
1766677490071,BTCUSDT,88557.58,0.00037,buy
1766677490071,BTCUSDT,88567.44,0.00156,buy
1766677490071,BTCUSDT,88591.98,0.00282,buy
1766677490071,BTCUSDT,88591.99,0.00723,buy
1766677492321,BTCUSDT,88591.94,0.00017,buy
1766677613533,BTCUSDT,88589.18,9e-05,buy
1766677655273,BTCUSDT,88588.7,0.00056,buy
1766677752245,BTCUSDT,88412.04,0.00816,sell
1766677757938,BTCUSDT,88412.04,0.00326,sell
1766677759682,BTCUSDT,88412.04,0.00131,sell
1766677764727,BTCUSDT,88412.04,0.00052,sell
1766677769729,BTCUSDT,88412.04,0.00021,sell
1766677770180,BTCUSDT,88412.04,0.00086,sell
1766677770380,BTCUSDT,88412.04,0.00669,sell
1766677770604,BTCUSDT,88411.25,9e-05,sell
1766677940414,BTCUSDT,88582.73,0.00169,buy
1766677940414,BTCUSDT,88582.74,0.00056,buy
1766678127798,BTCUSDT,88389.53,0.00493,sell
1766678131618,BTCUSDT,88389.53,0.00197,sell
1766678134593,BTCUSDT,88389.53,0.00021,sell
1766678134679,BTCUSDT,88389.53,0.00438,sell
1766678134903,BTCUSDT,88389.51,0.003,sell
1766678139853,BTCUSDT,88300.83,0.00109,sell
1766678222015,BTCUSDT,88301.87,0.00022,sell
1766678555287,BTCUSDT,88503.5,0.00113,buy
1766678637945,BTCUSDT,88305.77,0.00604,sell
1766678640563,BTCUSDT,88305.77,0.00242,sell
1766678646093,BTCUSDT,88305.77,0.00097,sell
1766678649182,BTCUSDT,88305.78,0.00038,sell
1766678649973,BTCUSDT,88305.78,0.00038,sell
1766678736374,BTCUSDT,88273.67,0.00078,sell
1766678860760,BTCUSDT,88492.08,2e-05,buy
1766678933490,BTCUSDT,88254.57,0.00096,sell
1766678990465,BTCUSDT,88471.45,0.00028,buy
1766679266613,BTCUSDT,88452.18,0.00012,buy
1766679290665,BTCUSDT,88176.79,0.00601,sell
1766679320646,BTCUSDT,88451.49,6e-05,buy
1766679335360,BTCUSDT,88451.35,6e-05,buy
1766679342562,BTCUSDT,88178.3,0.00024,sell
1766679407588,BTCUSDT,88451.21,2e-05,buy
1766679426317,BTCUSDT,88451.21,3e-05,buy
1766679427488,BTCUSDT,88451.21,5e-05,buy
1766679705879,BTCUSDT,88450.65,0.00021,buy
1766679705879,BTCUSDT,88450.66,0.00058,buy
1766679710367,BTCUSDT,88450.63,0.00016,buy
1766679710367,BTCUSDT,88450.64,0.00238,buy
1766679710367,BTCUSDT,88450.65,0.0031,buy
1766679890471,BTCUSDT,88450.57,0.00012,buy
1766679890471,BTCUSDT,88450.58,0.00045,buy
1766679902961,BTCUSDT,88450.58,0.01026,buy
1766680073853,BTCUSDT,88578.05,9e-05,buy
1766680073853,BTCUSDT,88578.06,0.0224,buy
1766680160439,BTCUSDT,88575.97,0.00113,buy
1766680265768,BTCUSDT,88574.7,9e-05,buy
1766680615917,BTCUSDT,88277.04,0.00021,sell
1766680620805,BTCUSDT,88277.04,6e-05,sell
1766680632453,BTCUSDT,88277.04,0.00289,sell
1766680632918,BTCUSDT,88277.04,0.00377,sell
1766680632939,BTCUSDT,88277.04,0.00279,sell
1766680633828,BTCUSDT,88277.04,0.00228,sell
1766680633828,BTCUSDT,88277.01,0.0004,sell
1766680633834,BTCUSDT,88277.01,0.00059,sell
1766680633915,BTCUSDT,88277.01,0.00263,sell
1766680633941,BTCUSDT,88277.01,0.00279,sell
1766681120763,BTCUSDT,88524.79,0.00212,buy
1766681153053,BTCUSDT,88523.54,0.00225,buy
1766681336906,BTCUSDT,88250.98,0.00113,sell
1766681336906,BTCUSDT,88235.01,0.00076,sell
1766681457448,BTCUSDT,88414.28,3e-05,buy
1766681486348,BTCUSDT,88176.5,0.00052,sell
1766681486932,BTCUSDT,88176.5,0.0006,sell
1766681486932,BTCUSDT,88135.88,0.00248,sell
1766681486932,BTCUSDT,88135.88,0.00086,sell
1766681487285,BTCUSDT,88135.88,0.00172,sell
1766681642850,BTCUSDT,88286.24,0.0014,buy
1766682170514,BTCUSDT,88269.31,0.00057,buy
1766682200494,BTCUSDT,88268.92,0.00028,buy
1766682222814,BTCUSDT,88010.33,0.00053,sell
1766682242278,BTCUSDT,88000.08,0.0001,sell
1766682247676,BTCUSDT,88000.15,0.03422,sell
1766682285182,BTCUSDT,88266.09,0.00057,buy
1766682365408,BTCUSDT,88263.57,0.00113,buy
1766682470309,BTCUSDT,88261.74,0.00028,buy
1766682545273,BTCUSDT,88261.41,0.00012,buy
1766682545273,BTCUSDT,88261.42,8e-05,buy
1766682665275,BTCUSDT,88260.65,0.00011,buy
1766682815350,BTCUSDT,88258.61,6e-05,buy
1766682905381,BTCUSDT,88255.96,0.00023,buy
1766683040593,BTCUSDT,88252.24,0.00011,buy
1766683048014,BTCUSDT,88252.07,0.00012,buy
1766683700447,BTCUSDT,88099.99,0.00039,buy
1766683700447,BTCUSDT,88100.0,0.00193,buy
1766683758269,BTCUSDT,88020.0,0.00226,sell
1766684004017,BTCUSDT,88001.8,3e-05,sell
1766684365467,BTCUSDT,88004.65,0.00057,sell
1766684715765,BTCUSDT,88007.43,0.00016,sell
1766684756508,BTCUSDT,88007.76,0.02925,sell
1766684814926,BTCUSDT,88240.45,0.00289,buy
1766684922283,BTCUSDT,88239.04,5e-05,buy
1766685097046,BTCUSDT,88014.13,4e-05,sell
1766685290351,BTCUSDT,88019.95,2e-05,sell
1766685485315,BTCUSDT,88237.11,6e-05,buy
1766685530361,BTCUSDT,88236.98,0.01696,buy
1766685665341,BTCUSDT,88236.11,0.00023,buy
1766685695413,BTCUSDT,88236.11,0.00011,buy
1766685715883,BTCUSDT,88236.11,2e-05,buy
1766685725473,BTCUSDT,88236.11,0.00023,buy
1766685725515,BTCUSDT,88236.11,0.00066,buy
1766685725515,BTCUSDT,88236.92,0.00047,buy
1766685848701,BTCUSDT,88279.96,9e-05,buy
1766685848701,BTCUSDT,88279.97,0.00019,buy
1766685870381,BTCUSDT,88279.94,7e-05,buy
1766685870381,BTCUSDT,88279.95,1e-05,buy
1766685886227,BTCUSDT,88035.52,8e-05,sell
1766685936738,BTCUSDT,88280.0,0.0002,buy
1766685936738,BTCUSDT,88316.11,5e-05,buy
1766685936738,BTCUSDT,88369.17,0.00038,buy
1766685936738,BTCUSDT,88369.18,0.00957,buy
1766685936738,BTCUSDT,88369.19,0.00064,buy
1766685937188,BTCUSDT,88369.18,0.00015,buy
1766685937233,BTCUSDT,88411.26,0.00018,sell
1766685937242,BTCUSDT,88411.26,0.0008,sell
1766685937247,BTCUSDT,88411.26,0.00975,sell
1766686045239,BTCUSDT,88467.84,0.00028,buy
1766686068046,BTCUSDT,88466.84,0.00056,buy
1766686070472,BTCUSDT,88466.73,6e-05,buy
1766686100316,BTCUSDT,88465.46,3e-05,buy
1766686115312,BTCUSDT,88464.71,5e-05,buy
1766686235342,BTCUSDT,88459.27,0.00028,buy
1766686415307,BTCUSDT,88451.91,0.00011,buy
1766686445445,BTCUSDT,88451.3,0.00023,buy
1766686520473,BTCUSDT,88449.32,6e-05,buy
1766686846875,BTCUSDT,88300.4,4e-05,sell
1766686909292,BTCUSDT,88300.39,0.0019,sell
1766686938755,BTCUSDT,88300.39,0.00034,sell
1766687159950,BTCUSDT,88422.75,0.00113,buy
1766687435718,BTCUSDT,88300.39,0.00014,sell
1766687467918,BTCUSDT,88300.39,0.00028,sell
1766687561566,BTCUSDT,88346.88,0.00016,sell
1766687561575,BTCUSDT,88346.88,0.00249,sell
1766687561575,BTCUSDT,88224.76,0.00014,sell
1766687569038,BTCUSDT,88405.33,0.00227,buy
1766687634095,BTCUSDT,88403.54,0.0477,buy
1766687890154,BTCUSDT,88186.48,0.00017,sell
1766688094808,BTCUSDT,88386.82,0.00044,buy
1766688364628,BTCUSDT,88190.88,0.00333,sell
1766688601342,BTCUSDT,88385.42,0.0002,buy
1766688908076,BTCUSDT,88384.52,0.0001,buy
1766688928961,BTCUSDT,88384.12,0.0001,buy
1766688942519,BTCUSDT,88383.91,0.0001,buy
1766689184063,BTCUSDT,88203.04,0.00057,sell
1766689250387,BTCUSDT,88379.76,0.00113,buy
1766689340344,BTCUSDT,88378.46,0.00017,buy
1766689546775,BTCUSDT,88193.39,0.00011,sell
1766689646905,BTCUSDT,88193.7,5e-05,sell
1766689790393,BTCUSDT,88367.18,0.00028,buy
1766689819939,BTCUSDT,88365.94,0.00033,buy
1766690075307,BTCUSDT,88357.33,0.00028,buy
1766690092146,BTCUSDT,88356.74,0.00034,buy
1766690296479,BTCUSDT,88039.43,0.00058,sell
1766690296583,BTCUSDT,88135.07,0.00014,buy
1766692185773,BTCUSDT,88070.18,0.01543,sell
1766692390696,BTCUSDT,88267.24,0.00169,buy
1766692390696,BTCUSDT,88267.25,0.00096,buy
1766692760422,BTCUSDT,88267.16,0.00011,buy
1766692822500,BTCUSDT,88098.87,0.00212,sell
1766692835418,BTCUSDT,88267.1,0.00034,buy
1766692910397,BTCUSDT,88267.1,0.00057,buy
1766692925368,BTCUSDT,88267.1,0.00028,buy
1766693075607,BTCUSDT,88263.87,2e-05,buy
1766693159277,BTCUSDT,88260.73,0.0001,buy
1766693373887,BTCUSDT,88256.25,0.0001,buy
1766693375309,BTCUSDT,88256.23,5e-05,buy
1766693441912,BTCUSDT,88254.92,0.00011,buy
1766693450414,BTCUSDT,88254.75,8e-05,buy
1766693465312,BTCUSDT,88254.38,0.00057,buy
1766693495322,BTCUSDT,88253.61,3e-05,buy
1766693495349,BTCUSDT,88253.61,0.00011,buy
1766693615370,BTCUSDT,88251.38,6e-05,buy
1766693625792,BTCUSDT,88251.35,0.04889,buy
1766693625792,BTCUSDT,88251.36,0.00169,buy
1766693625792,BTCUSDT,88251.42,0.00343,buy
1766693625792,BTCUSDT,88251.48,0.00983,buy
1766693625792,BTCUSDT,88251.52,0.0357,buy
1766693720145,BTCUSDT,88249.92,0.00035,buy
1766693720145,BTCUSDT,88249.93,0.00057,buy
1766693728935,BTCUSDT,88249.77,0.00026,buy
1766693728935,BTCUSDT,88249.78,0.00185,buy
1766693751846,BTCUSDT,88249.6,0.0002,buy
1766693751846,BTCUSDT,88249.61,0.00037,buy
1766693858013,BTCUSDT,88249.42,0.01709,buy
1766693938935,BTCUSDT,88105.04,0.00045,sell
1766693975305,BTCUSDT,88246.56,2e-05,buy
1766694295812,BTCUSDT,88233.04,3e-05,buy
1766694295812,BTCUSDT,88233.05,8e-05,buy
1766694351210,BTCUSDT,88000.02,0.00055,sell
1766694363515,BTCUSDT,88000.0,9e-05,sell
1766694365299,BTCUSDT,88066.36,2e-05,buy
1766694365299,BTCUSDT,88230.72,4e-05,buy
1766694365522,BTCUSDT,88000.0,2e-05,sell
1766694372849,BTCUSDT,87953.0,0.00014,sell
1766694373451,BTCUSDT,87953.0,9e-05,sell
1766694373967,BTCUSDT,87953.0,0.0001,sell
1766694374506,BTCUSDT,87953.0,0.0115,sell
1766694374506,BTCUSDT,87952.88,0.00038,sell
1766694374506,BTCUSDT,87931.95,0.00225,sell
1766694374506,BTCUSDT,87931.94,0.00065,sell
1766694492406,BTCUSDT,87846.17,0.00111,sell
1766694508932,BTCUSDT,87846.33,0.00348,sell
1766694508932,BTCUSDT,87846.3,0.00652,sell
1766694510565,BTCUSDT,87846.3,0.00508,sell
1766694510565,BTCUSDT,87830.0,0.00025,sell
1766694511601,BTCUSDT,87812.5,0.0003,sell
1766694512453,BTCUSDT,87785.69,0.00858,sell
1766694513972,BTCUSDT,87785.69,0.01258,sell
1766694515433,BTCUSDT,87785.69,0.02502,sell
1766694515881,BTCUSDT,87785.69,0.01682,sell
1766694517138,BTCUSDT,87785.68,7e-05,sell
1766694788141,BTCUSDT,87608.98,0.00226,sell
1766694858870,BTCUSDT,87610.54,0.00033,sell
1766695082806,BTCUSDT,87620.79,0.00228,sell
1766695141243,BTCUSDT,87623.62,0.00097,sell
1766695179763,BTCUSDT,87932.91,8e-05,buy
1766695179763,BTCUSDT,87932.92,8e-05,buy
1766695351047,BTCUSDT,87632.64,0.00227,sell
1766695835304,BTCUSDT,87930.67,6e-05,buy
1766695835304,BTCUSDT,87930.68,0.0017,buy
1766695835304,BTCUSDT,87930.7,0.00391,buy
1766695835380,BTCUSDT,87930.7,0.00113,buy
1766695910465,BTCUSDT,87930.7,0.00071,sell
1766695939899,BTCUSDT,88027.92,0.00034,buy
1766696459920,BTCUSDT,88019.32,0.00485,buy
1766696525409,BTCUSDT,88018.17,0.00113,buy
1766696600414,BTCUSDT,88016.89,0.00113,buy
1766696615409,BTCUSDT,88016.78,0.00017,buy
1766696694376,BTCUSDT,88015.28,6e-05,buy
1766696750968,BTCUSDT,88014.96,3e-05,buy
1766696750968,BTCUSDT,88014.98,0.00031,buy
1766696795352,BTCUSDT,88013.91,3e-05,buy
1766696795352,BTCUSDT,88013.92,3e-05,buy
1766696905163,BTCUSDT,88010.57,0.00023,buy
1766696945317,BTCUSDT,88009.58,0.00034,buy
1766696990415,BTCUSDT,88009.52,0.00057,buy
1766697119609,BTCUSDT,88144.03,0.00047,buy
1766697125374,BTCUSDT,88143.91,6e-05,buy
1766697305276,BTCUSDT,88138.32,0.00034,buy
1766697320411,BTCUSDT,88137.88,0.00028,buy
1766697485340,BTCUSDT,88132.51,0.00113,buy
1766697495796,BTCUSDT,88132.15,0.00228,buy
1766697579668,BTCUSDT,87727.36,0.00013,sell
1766698580466,BTCUSDT,88103.94,0.00028,buy
1766699022612,BTCUSDT,87793.2,0.00045,sell
1766699105304,BTCUSDT,88097.08,0.0001,buy
1766699420476,BTCUSDT,88091.53,2e-05,buy
1766699428823,BTCUSDT,87806.31,0.00031,sell
1766699429456,BTCUSDT,88091.18,0.00031,buy
1766699502851,BTCUSDT,88089.15,0.00027,buy
1766699631576,BTCUSDT,88085.93,9e-05,buy
1766700058186,BTCUSDT,88073.56,0.00057,buy
1766700106063,BTCUSDT,87816.91,0.00025,sell
1766700275298,BTCUSDT,88069.59,0.00113,buy
1766700305286,BTCUSDT,88069.07,2e-05,buy
1766700342563,BTCUSDT,88067.95,2e-05,buy
1766700355013,BTCUSDT,87807.06,0.0067,sell
1766700503778,BTCUSDT,88058.47,2e-05,buy
1766700680312,BTCUSDT,88047.69,0.00057,buy
1766700692201,BTCUSDT,88047.05,0.00135,buy
1766700839904,BTCUSDT,88038.41,0.00018,buy
1766700923367,BTCUSDT,88034.15,0.00057,buy
1766701121876,BTCUSDT,88023.23,6e-05,buy
1766701520476,BTCUSDT,88002.35,0.00028,buy
1766701827821,BTCUSDT,87991.42,0.00211,buy
1766701957494,BTCUSDT,87737.15,0.0001,sell
1766701984994,BTCUSDT,87987.77,0.00244,buy
1766702170244,BTCUSDT,87985.44,0.00833,buy
1766702266802,BTCUSDT,87984.92,0.00134,buy
1766702719608,BTCUSDT,87940.76,7e-05,buy
1766702760984,BTCUSDT,87546.39,0.00021,sell
1766702816460,BTCUSDT,87839.44,0.00011,buy
1766702828275,BTCUSDT,87548.04,0.00051,sell
1766702839440,BTCUSDT,87545.18,0.00013,sell
1766702839440,BTCUSDT,87544.83,3e-05,sell
1766702850975,BTCUSDT,87520.01,0.00044,sell
1766702855082,BTCUSDT,87520.0,0.00011,sell
1766702855739,BTCUSDT,87520.0,0.00014,sell
1766702859316,BTCUSDT,87444.31,0.00064,sell
1766702859796,BTCUSDT,87444.31,1e-05,sell
1766702859796,BTCUSDT,87416.88,0.00038,sell
1766702859796,BTCUSDT,87361.63,0.00184,sell
1766702860035,BTCUSDT,87361.64,0.00019,sell
1766702861766,BTCUSDT,87361.69,0.00222,sell
1766702861982,BTCUSDT,87361.69,0.00211,sell
1766703143103,BTCUSDT,87361.69,3e-05,sell
1766703543684,BTCUSDT,87662.87,0.01911,buy
1766703543684,BTCUSDT,87662.88,0.02138,buy
1766703695276,BTCUSDT,87694.39,0.00057,buy
1766703785276,BTCUSDT,87691.11,0.00028,buy
1766703875344,BTCUSDT,87690.6,0.00114,buy
1766703905344,BTCUSDT,87690.57,0.00023,buy
1766703924909,BTCUSDT,87690.57,6e-05,buy
1766703935299,BTCUSDT,87690.57,6e-05,buy
1766703965317,BTCUSDT,87690.52,0.00114,buy
1766704280411,BTCUSDT,87695.62,4e-05,buy
1766704280752,BTCUSDT,87695.62,0.01034,buy
1766704280752,BTCUSDT,87695.64,0.00171,buy
1766704289942,BTCUSDT,87695.64,0.03829,buy
1766704355304,BTCUSDT,87784.25,0.0017,buy
1766704355304,BTCUSDT,87784.26,0.00114,buy
1766704380260,BTCUSDT,87480.81,0.00011,sell
1766704445441,BTCUSDT,87783.88,0.00011,buy
1766704490379,BTCUSDT,87783.62,0.00011,buy
1766704504358,BTCUSDT,87720.06,0.0002,sell
1766704511324,BTCUSDT,87783.48,0.0017,buy
1766704511324,BTCUSDT,87783.49,0.00398,buy
1766704512959,BTCUSDT,87685.26,0.00011,sell
1766704584479,BTCUSDT,87782.89,0.00011,buy
1766704631094,BTCUSDT,87782.54,0.00568,buy
1766704873947,BTCUSDT,87779.06,0.00012,buy
1766704880411,BTCUSDT,87778.78,6e-05,buy
1766704922534,BTCUSDT,87591.19,0.00967,sell
1766704936483,BTCUSDT,87591.19,1e-05,sell
1766704936483,BTCUSDT,87591.18,0.01206,sell
1766704936483,BTCUSDT,87555.7,0.09501,sell
1766705315283,BTCUSDT,87510.58,0.01178,sell
1766705336861,BTCUSDT,87758.82,0.00111,buy
1766705383811,BTCUSDT,87756.88,5e-05,buy
1766705405080,BTCUSDT,87500.02,0.01101,sell
1766705405080,BTCUSDT,87500.0,0.0015,sell
1766705405348,BTCUSDT,87755.69,0.00114,buy
1766705406479,BTCUSDT,87470.0,0.00114,sell
1766705408925,BTCUSDT,87464.6,0.00114,sell
1766705416502,BTCUSDT,87387.57,0.04707,sell
1766705416822,BTCUSDT,87754.88,0.02331,buy
1766705418326,BTCUSDT,87387.43,0.00273,sell
1766705419322,BTCUSDT,87383.18,0.0046,sell
1766705431700,BTCUSDT,87361.68,0.04173,sell
1766705431700,BTCUSDT,87361.64,0.03852,sell
1766705435779,BTCUSDT,87361.64,0.00351,sell
1766705595685,BTCUSDT,87275.0,0.00029,sell
1766705596694,BTCUSDT,87275.0,1e-05,sell
1766705598213,BTCUSDT,87263.0,2e-05,sell
1766705599480,BTCUSDT,87258.96,6e-05,sell
1766705628124,BTCUSDT,87258.96,1e-05,sell
1766705633159,BTCUSDT,87222.79,0.00089,sell
1766705642979,BTCUSDT,87207.52,0.00158,sell
1766705653479,BTCUSDT,87206.62,0.00115,sell
1766705760381,BTCUSDT,87180.1,0.01453,sell
1766705761460,BTCUSDT,87180.1,2e-05,sell
1766705763179,BTCUSDT,87180.1,0.00362,sell
1766705793127,BTCUSDT,87180.1,0.00092,sell
1766705797137,BTCUSDT,87180.1,0.00023,sell
1766705817774,BTCUSDT,87180.1,4e-05,sell
1766705855680,BTCUSDT,87180.1,7e-05,sell
1766705857271,BTCUSDT,87180.1,0.00037,sell
1766705857594,BTCUSDT,87180.1,0.00057,sell
1766705859996,BTCUSDT,87180.1,0.0002,sell
1766705860536,BTCUSDT,87180.1,0.00666,sell
1766705960395,BTCUSDT,87320.82,0.00114,buy
1766706018913,BTCUSDT,87318.65,0.00042,buy
1766706018913,BTCUSDT,87318.66,0.00084,buy
1766706150093,BTCUSDT,87027.95,0.00014,sell
1766706152375,BTCUSDT,87028.1,0.00011,sell
1766706186551,BTCUSDT,87028.86,0.0001,sell
1766706217759,BTCUSDT,87316.58,0.00011,buy
1766706285799,BTCUSDT,87020.76,0.00011,sell
1766706352079,BTCUSDT,87250.03,0.00011,buy
1766706418059,BTCUSDT,87020.76,0.00011,sell
1766706484370,BTCUSDT,87244.78,0.00011,buy
1766706522384,BTCUSDT,87022.5,0.00226,sell
1766706586007,BTCUSDT,87023.55,9e-05,sell
1766706713845,BTCUSDT,87241.24,0.01697,buy
1766706713845,BTCUSDT,87241.25,0.00927,buy
1766706747750,BTCUSDT,87028.44,0.00011,sell
1766706752718,BTCUSDT,87462.12,0.00017,buy
1766706815551,BTCUSDT,87460.82,0.00011,buy
1766707221200,BTCUSDT,87080.44,0.00098,sell
1766707511976,BTCUSDT,87093.22,0.0004,sell
1766707512788,BTCUSDT,87437.3,0.00039,buy
1766707583275,BTCUSDT,87434.82,8e-05,buy
1766707595780,BTCUSDT,87434.59,0.00057,buy
1766707625305,BTCUSDT,87434.01,0.00057,buy
1766707764683,BTCUSDT,87430.23,0.00057,buy
1766707802785,BTCUSDT,87103.47,0.01965,sell
1766707802888,BTCUSDT,87103.47,0.00103,sell
1766708000868,BTCUSDT,87248.85,0.00013,buy
1766708011152,BTCUSDT,87248.63,0.00011,buy
1766708048562,BTCUSDT,87248.33,0.00029,buy
1766708060389,BTCUSDT,87248.26,0.00011,buy
1766708090363,BTCUSDT,87248.04,0.00011,buy
1766708090411,BTCUSDT,87248.04,6e-05,buy
1766708160722,BTCUSDT,87247.08,0.00016,buy
1766708381147,BTCUSDT,87030.41,0.00031,sell
1766708482477,BTCUSDT,87238.53,0.00018,buy
1766708522475,BTCUSDT,87100.1,0.00036,sell
1766708545462,BTCUSDT,87237.1,0.00118,buy
1766708676416,BTCUSDT,87033.62,0.00171,sell
1766708752541,BTCUSDT,87035.83,0.0007,sell
1766708795233,BTCUSDT,87037.63,0.00012,sell
1766708911866,BTCUSDT,87041.1,0.00573,sell
1766708911996,BTCUSDT,87020.74,0.00013,sell
1766708911996,BTCUSDT,87000.01,0.00014,sell
1766709020414,BTCUSDT,87213.06,0.00057,buy
1766709121451,BTCUSDT,87002.5,0.03778,sell
1766709121570,BTCUSDT,87212.41,0.02989,buy
1766709121570,BTCUSDT,87212.42,0.00181,buy
1766709121570,BTCUSDT,87212.5,0.01101,buy
1766709121570,BTCUSDT,87212.59,0.00025,buy
1766709236826,BTCUSDT,87341.4,6e-05,buy
1766709437085,BTCUSDT,87319.19,0.00042,buy
1766709466808,BTCUSDT,87318.63,0.00045,buy
1766709518984,BTCUSDT,87316.8,0.00034,buy
1766709559618,BTCUSDT,87315.75,0.00021,buy
1766709596921,BTCUSDT,87314.54,6e-05,buy
1766709596921,BTCUSDT,87314.55,0.00174,buy
1766709720148,BTCUSDT,87309.53,0.00071,buy
1766709732591,BTCUSDT,87309.11,0.00071,buy
1766709754742,BTCUSDT,87308.17,0.00071,buy
1766709764219,BTCUSDT,87292.18,0.00072,buy
1766709766428,BTCUSDT,87292.07,0.00094,buy
1766709774749,BTCUSDT,87264.35,0.00072,buy
1766709785170,BTCUSDT,87263.63,0.00071,buy
1766709793653,BTCUSDT,87017.77,0.00018,sell
1766709793739,BTCUSDT,87017.77,0.00714,sell
1766709793987,BTCUSDT,87000.0,0.00458,sell
1766709799046,BTCUSDT,87262.83,0.00071,buy
1766709808317,BTCUSDT,87181.08,0.00071,buy
1766709820774,BTCUSDT,87180.38,3e-05,buy
1766709825714,BTCUSDT,87180.26,0.00071,buy
1766709836979,BTCUSDT,87179.84,0.00071,buy
1766709845787,BTCUSDT,87179.57,0.00015,buy
1766709931864,BTCUSDT,87176.24,4e-05,buy
1766709951902,BTCUSDT,87175.52,0.00015,buy
1766710066114,BTCUSDT,87171.79,8e-05,buy
1766710116915,BTCUSDT,87169.58,0.00019,buy
1766710187543,BTCUSDT,87167.6,8e-05,buy
1766710194282,BTCUSDT,87167.4,0.00035,buy
1766710249870,BTCUSDT,87165.88,0.00017,buy
1766710286838,BTCUSDT,87165.78,0.00018,buy
1766710385013,BTCUSDT,87296.47,0.00081,buy
1766710430497,BTCUSDT,87294.66,0.00011,buy
1766710466847,BTCUSDT,87293.47,0.00012,buy
1766710547764,BTCUSDT,87290.39,0.00037,buy
1766710565379,BTCUSDT,87289.51,0.00051,buy
1766710646015,BTCUSDT,87286.41,0.00169,buy
1766710661290,BTCUSDT,87285.86,0.00018,buy
1766710663021,BTCUSDT,87285.72,0.00032,buy
1766710699539,BTCUSDT,86968.67,0.00017,sell
1766710818442,BTCUSDT,87280.72,0.0007,buy
1766710849571,BTCUSDT,87280.17,4e-05,buy
1766710859591,BTCUSDT,87279.98,0.00152,buy
1766710862548,BTCUSDT,86974.19,0.00133,sell
1766710865392,BTCUSDT,87279.91,0.00019,buy
1766710892964,BTCUSDT,87279.82,0.00011,buy
1766710940416,BTCUSDT,87279.51,0.00017,buy
1766710940416,BTCUSDT,87279.51,0.00035,buy
1766710947601,BTCUSDT,87279.5,0.00022,buy
1766711009854,BTCUSDT,87279.5,0.00024,buy
1766711015988,BTCUSDT,87279.5,0.00017,buy
1766711028245,BTCUSDT,87279.5,0.00021,buy
1766711045353,BTCUSDT,87279.5,6e-05,buy
1766711045410,BTCUSDT,87279.5,0.00011,buy
1766711046429,BTCUSDT,87279.5,0.0007,buy
1766711102736,BTCUSDT,87279.6,0.00116,buy
1766711116572,BTCUSDT,87279.6,0.00055,buy
1766711174221,BTCUSDT,87345.71,0.00121,buy
1766711176822,BTCUSDT,87345.71,0.0004,buy
1766711192293,BTCUSDT,87345.65,0.00065,buy
1766711280720,BTCUSDT,87345.4,9e-05,buy
1766711291801,BTCUSDT,87345.35,0.00019,buy
1766711381455,BTCUSDT,87344.73,0.00109,buy
1766711383633,BTCUSDT,87344.73,9e-05,buy
1766711421203,BTCUSDT,87344.51,0.00017,buy
1766711510411,BTCUSDT,87345.97,0.0012,buy
1766711612690,BTCUSDT,87345.84,0.00022,buy
1766711615343,BTCUSDT,87345.83,5e-05,buy
1766711675351,BTCUSDT,87345.54,6e-05,buy
1766711745365,BTCUSDT,87154.09,5e-05,sell
1766711745365,BTCUSDT,87154.08,6e-05,sell
1766712196767,BTCUSDT,87345.79,0.00011,buy
1766712755408,BTCUSDT,87346.0,0.00539,buy
1766712755408,BTCUSDT,87464.85,0.00032,buy
1766713034043,BTCUSDT,87461.61,2e-05,buy
1766713227483,BTCUSDT,87200.96,0.00011,sell
1766713697196,BTCUSDT,87457.45,0.00104,buy
1766713697196,BTCUSDT,87457.68,0.00157,buy
1766713697313,BTCUSDT,87457.68,0.00347,buy
1766713697351,BTCUSDT,87457.68,0.0023,buy
1766714256850,BTCUSDT,87464.99,5e-05,buy
1766714435346,BTCUSDT,87464.9,0.00074,buy
1766714512194,BTCUSDT,87464.95,0.00014,buy
1766714525410,BTCUSDT,87464.95,0.00057,buy
1766714579939,BTCUSDT,87465.0,0.00025,buy
1766714735342,BTCUSDT,87528.76,6e-05,buy
1766714735342,BTCUSDT,87528.77,0.00017,buy
1766714840441,BTCUSDT,87529.0,0.00025,buy
1766714840441,BTCUSDT,87536.17,3e-05,buy
1766714840485,BTCUSDT,87545.15,0.00023,buy
1766714915350,BTCUSDT,87545.11,4e-05,buy
1766714915350,BTCUSDT,87545.12,7e-05,buy
1766714975313,BTCUSDT,87545.18,0.00011,buy
1766714988838,BTCUSDT,87545.18,2e-05,buy
1766715020519,BTCUSDT,87642.61,0.00028,buy
1766715050437,BTCUSDT,87642.27,0.00171,buy
1766715165266,BTCUSDT,87641.36,0.00275,buy
1766715165434,BTCUSDT,87641.36,0.00304,buy
1766715166882,BTCUSDT,87641.36,0.01066,buy
1766715166882,BTCUSDT,87641.4,0.01613,buy
1766715167143,BTCUSDT,87643.05,0.00243,buy
1766715167171,BTCUSDT,87643.05,0.00438,buy
1766715167532,BTCUSDT,87643.05,0.0025,buy
1766715167555,BTCUSDT,87643.05,0.00079,buy
1766715231272,BTCUSDT,87774.59,0.00034,buy
1766715232278,BTCUSDT,87775.0,0.0002,buy
1766715233285,BTCUSDT,87778.84,2e-05,buy
1766715234308,BTCUSDT,87785.68,6e-05,buy
1766715238830,BTCUSDT,87785.68,1e-05,buy
1766715239837,BTCUSDT,87812.49,0.00105,buy
1766715240368,BTCUSDT,87537.84,0.00056,sell
1766715244279,BTCUSDT,87812.5,0.00029,buy
1766715245286,BTCUSDT,87812.5,1e-05,buy
1766715256171,BTCUSDT,87891.18,0.00036,buy
1766715256171,BTCUSDT,87891.19,0.00392,buy
1766715260410,BTCUSDT,87891.23,5e-05,buy
1766715260410,BTCUSDT,87931.94,6e-05,buy
1766715264056,BTCUSDT,87604.87,0.00019,buy
1766715277279,BTCUSDT,87931.94,0.00059,buy
1766715280582,BTCUSDT,87952.88,0.00038,buy
1766715281153,BTCUSDT,87981.0,0.00025,buy
1766715281173,BTCUSDT,88000.0,0.00459,buy
1766715291261,BTCUSDT,88072.78,0.03169,buy
1766715291501,BTCUSDT,88072.79,0.00013,buy
1766715302479,BTCUSDT,88219.65,0.00847,buy
1766715305314,BTCUSDT,88312.38,0.00011,buy
1766715309305,BTCUSDT,88312.38,6e-05,buy
1766715309305,BTCUSDT,88312.39,7e-05,buy
1766715312130,BTCUSDT,88350.0,0.0003,buy
1766715313986,BTCUSDT,88422.28,0.00137,buy
1766715313986,BTCUSDT,88422.29,0.00065,buy
1766715313986,BTCUSDT,88435.06,0.00857,buy
1766715314419,BTCUSDT,88449.14,0.00011,buy
1766715314419,BTCUSDT,88452.0,0.02747,buy
1766715335405,BTCUSDT,88455.17,3e-05,buy
1766715335405,BTCUSDT,88482.23,0.00054,buy
1766715361036,BTCUSDT,88482.04,0.00018,buy
1766715362444,BTCUSDT,88492.17,0.00038,buy
1766715363813,BTCUSDT,88500.0,0.0015,buy
1766715422710,BTCUSDT,88548.13,0.00069,buy
1766715423656,BTCUSDT,88548.25,0.00582,buy
1766715423656,BTCUSDT,88548.26,0.00088,buy
1766715423717,BTCUSDT,88567.44,0.00156,buy
1766715535276,BTCUSDT,88603.4,3e-05,buy
1766715558854,BTCUSDT,88603.57,0.00012,buy
1766715609571,BTCUSDT,88664.38,0.00025,buy
1766715610127,BTCUSDT,88664.38,1e-05,buy
1766715610641,BTCUSDT,88685.23,0.00123,buy
1766715610641,BTCUSDT,88686.0,0.00025,buy
1766715611648,BTCUSDT,88710.6,0.00152,buy
1766715612655,BTCUSDT,88729.6,0.0003,buy
1766715616765,BTCUSDT,88829.83,0.00084,buy
1766715616765,BTCUSDT,88839.1,7e-05,buy
1766715616765,BTCUSDT,88887.5,0.0003,buy
1766715616765,BTCUSDT,88896.99,0.00011,buy
1766715616765,BTCUSDT,88897.0,0.0577,buy
1766715616788,BTCUSDT,88897.0,0.0517,buy
1766715617570,BTCUSDT,88897.0,0.05843,buy
1766715617605,BTCUSDT,88897.0,0.03252,buy
1766715617605,BTCUSDT,88900.57,0.00011,buy
1766715617605,BTCUSDT,88902.65,0.00031,buy
1766715619780,BTCUSDT,88912.34,5e-05,buy
1766715619780,BTCUSDT,88915.38,0.00064,buy
1766715627070,BTCUSDT,89000.0,0.00454,buy
1766715683351,BTCUSDT,88733.24,0.00028,sell
1766715687165,BTCUSDT,89034.76,0.00038,buy
1766715904036,BTCUSDT,89108.11,0.00011,buy
1766715904616,BTCUSDT,88745.32,0.00325,sell
1766715905701,BTCUSDT,89108.11,0.00014,buy
1766715906166,BTCUSDT,89108.11,1e-05,buy
1766715906166,BTCUSDT,89123.45,0.01639,buy
1766715906219,BTCUSDT,89127.85,0.00071,buy
1766715906999,BTCUSDT,89137.55,0.00012,buy
1766715908923,BTCUSDT,89168.43,0.00258,buy
1766715908923,BTCUSDT,89168.44,0.00052,buy
1766715910151,BTCUSDT,89175.17,0.00029,buy
1766715910165,BTCUSDT,89180.0,0.00098,buy
1766715910165,BTCUSDT,89190.29,0.00088,buy
1766715910761,BTCUSDT,88874.41,0.0025,sell
1766715911718,BTCUSDT,88874.43,0.00386,sell
1766715921966,BTCUSDT,89218.09,0.0477,buy
1766715924127,BTCUSDT,89240.04,0.00156,buy
1766715970322,BTCUSDT,88888.88,0.0001,sell
1766716037241,BTCUSDT,88892.53,0.00125,sell
1766716317233,BTCUSDT,89262.55,0.00285,buy
1766716317233,BTCUSDT,89262.56,0.00038,buy
1766716329717,BTCUSDT,89337.52,0.00189,buy
1766716330380,BTCUSDT,89346.25,0.0013,buy
1766716331145,BTCUSDT,89354.31,0.00011,buy
1766716331446,BTCUSDT,89365.52,3e-05,buy
1766716331446,BTCUSDT,89365.82,7e-05,buy
1766716365901,BTCUSDT,89410.9,0.01677,buy
1766716386093,BTCUSDT,89066.9,0.0001,sell
1766716506382,BTCUSDT,89071.33,0.0345,sell
1766716506747,BTCUSDT,89400.73,0.03386,buy
1766716535362,BTCUSDT,89400.48,2e-05,buy
1766716732933,BTCUSDT,89166.25,0.00711,sell
1766716732933,BTCUSDT,89166.24,0.00788,sell
1766716732933,BTCUSDT,89166.16,0.0082,sell
1766716771844,BTCUSDT,89023.11,0.00114,sell
1766716793330,BTCUSDT,89023.61,0.00224,sell
1766716809624,BTCUSDT,89024.18,0.03095,sell
1766716813882,BTCUSDT,89123.45,2e-05,buy
1766716827108,BTCUSDT,89199.8,0.00167,buy
1766716972620,BTCUSDT,89200.0,2e-05,buy
1766717106373,BTCUSDT,89234.56,2e-05,buy
1766717146150,BTCUSDT,89299.98,0.00895,buy
1766717495370,BTCUSDT,89293.89,0.00112,buy
1766717802059,BTCUSDT,89067.57,0.00128,sell
1766717840409,BTCUSDT,89299.71,0.00224,buy
1766717940773,BTCUSDT,89298.16,7e-05,buy
1766717975342,BTCUSDT,89297.73,0.00028,buy
1766718074888,BTCUSDT,89297.15,2e-05,buy
1766718110951,BTCUSDT,89297.1,4e-05,buy
1766718200515,BTCUSDT,89296.85,8e-05,buy
1766718290413,BTCUSDT,89293.9,0.00028,buy
1766718320407,BTCUSDT,89292.76,0.00011,buy
1766718395358,BTCUSDT,89291.69,0.00028,buy
1766718410467,BTCUSDT,89291.33,0.00112,buy
1766718545397,BTCUSDT,89288.85,0.00112,buy
1766718665384,BTCUSDT,89287.88,0.00559,buy
1766718665416,BTCUSDT,89287.88,0.00056,buy
1766718681833,BTCUSDT,89287.79,0.00011,buy
1766718767793,BTCUSDT,89287.6,0.00013,buy
1766718770476,BTCUSDT,89287.6,0.00112,buy
1766718834940,BTCUSDT,89081.49,0.02175,sell
1766718835168,BTCUSDT,89081.41,0.02082,sell
1766718943991,BTCUSDT,88979.23,0.00013,sell
1766718976751,BTCUSDT,88945.07,0.00224,sell
1766719105915,BTCUSDT,88900.59,0.00386,sell
1766719106142,BTCUSDT,88900.57,0.00011,sell
1766719114098,BTCUSDT,88900.0,0.0026,sell
1766719141479,BTCUSDT,88870.0,0.00014,sell
1766719158802,BTCUSDT,88870.0,1e-05,sell
1766719158802,BTCUSDT,88839.1,7e-05,sell
1766719158802,BTCUSDT,88813.35,0.00026,sell
1766719158860,BTCUSDT,88813.35,0.00224,sell
